Рукавички, мочалки, спонжики, салфетки для демакияжа из микрофибры.
Банный чан или уличная купель с подогревом
Гималайская соль плитка шлифованная
Лавки, шезлонги, столы, скамейки — вся банная мебель в Барнауле
Мочалки и губки банные для тела от производителя
Запарки из трав для бани - мята, мелисса, душица
Правильные камни для бани и сауны
Банный чан, чан для бани, купель
Гималайская соль крупная для бани
Продам веники для бани (береза)
Продаем жадеит колотый на баню
Продам дубовые веники (банные) оптом от 300 штук
Камень для бани и сауны малиновый кварцит
Веники из трав для бани (полынь, мята, пижма, таволга, мелисса, душица
Чаша с Гималайской солью для бани
Купели, запарники, кадки, ушата и жбаны в Барнауле
Веник дубовый для бани Вутайшанский люкс класса из приморского края
Продам веники дубовые(банные) оптом
Камни для бани и сауны в ассортименте на складе
Банный камень. Изделия из гранита
Дубовые,березовые и липовые веники для бани
Минерал Нефритоид для бани, резьбы, печей, каминов (речной окатыш)
Щетки для сухого массажа и бани
Мочалка хозяйственная полипропиленовая, ручной работы арт. № 2
Продам банные веники. Печи банные. Монтаж отопления.
Молодильный чан,чан чугунный для купания
Продам березовые веники с травами и без, Екатеринбург
Веники для бани . Дубовые , кленовые , липовые .
Закарпатский чугунный чан для купания под открытым небом.
Закарпатский чугунный чан для бани
Чугунный чан на дровах для водных процедур на свежем воздухе.
Молодильный чугунный чан для бани
Веник из Кавказского дуба Малыш
Куплю дубовые веники 1000 штук ежегодно
Чугунные шары кирпичи и бруски для бани.
Чугунные чаны для бани. Продажа чугунных чанов от производителя.
Продам банные веники - береза дуб. Печи банные, котел на отработке
Масло для бань и саун Неомид (Neomid Sauna Oil)
Банные веники от заготовителя.
Веники для бани. Кавказский дуб, канадский дуб.
Экипировка банщика веник дубовый дуб зубчатый из приморья
Льём чан чугунный для бани, для купания. Все кто парился в чане, заметили, что э
Великолепная фитобочка кедровая
Банные запарки. Запарка для бани и сауны
Веники для бани купить оптом и в розницу
Второе дыхание для бани и сауны
Мочалка для тела с деревянными ручками (люфа/сизаль), количество 10 штук
Чугунные чаны для бани. Продажа чугунных чанов от производителя.
Предлагаем лучшие Камни для бани и сауны
Соляной кирпич, плитка для бани, сауны
Финская Сауна 2х местная со стеклянной дверью
Продам банные веники опт дуб береза Печи
Чехол для купели, спа, джакузи, термочехол
Обливные устройства «перевертыши» в Барнауле
Веники для бани оптом по всей России
Продам банные веники опт. Печи котлы
Фитобочка круглая от производителя. Спа-процедура у тебя дома!
Нефрит-камень для бань и саун, императорский
Веник для бани Дуб Монгольский из приморья нет аналога в России
Банный чан для купания над костром. Молодильный чан
Веники для бани: дуб,береза, липа, эвкалипт
Мочалка хозяйственная полипропиленовая, производственная арт. № 2
Камни для бани и сауны в ассортименте на складе в Казани
Березовый веник для бани или сауны
Закарпатский чугунный чан, купить для бани и сауны
Чугунные чаны для бани-это эксклюзив который реализуется с индивидуальным подход
Товары для бани и саун,акссесуары,
Фитобочка для дома, дачи, спа-салонов
Банный набор Takeoff, темно-серый:
Мочалка хозяйственная полипропиленовая, производственная арт. № 3
Купить банные веники для вас оптом в Ангарске Иркутской области
Купели,купели для купания,чан с краской
Товары для саун, баньки, отелей. Готовимся к сезону!
Дубовые и кедровые купели, обливные устройства в Барнауле
Бак для горячей воды в баню на 90 литров
"Подушка из сена для бани ""Душечка"" Три в одном"
Килт махровый для бани и полотенце в наборе
Чугунный чан с покраской: медь,золото, черный,белый,оранжевый
Кедровая бочка овальная со скосом из алтайского кедра
Банный полок из африканского абаша без ожогов
Чугунный (молодильный) чан со специализированным покрытием
"Фитосбор для бани ""Природный дар"""
Услуги по изготовлению банных принадлежностей из липы и осины
Баки из нержавейки, и черного металла
Купели на дровах с внутренней и внешней печкой
Рядовая и эксклюзивная деревянная мебель для бани в Барнауле
Молодильный чан по низким ценам.Скидки!
Купель для бани, Санкт-Петербург
Электрические печи-каменки HARVIA для саун и бань
Финская сауна с печью Harvia vega steel 3 Квт
Прилив сил - насадка для душа с фильтром
Качественная банная утварь в Барнауле
Мочалка хозяйственная полипропиленовая, ручной работы арт. № 3
Овальная Купель для бани из дуба с пластиковым вкладышем
"Фитосбор для бани ""Противопростудный"""
Банные веники. Можжевеловые. Саянские.
Травы, лечебные растения для бани, измельчённые
Товары для бань, саун и хамамов в Барнауле
Мочалка хозяйственная полипропиленовая, производственная арт. № 1
Большой ассортимент для бани и сауны...
Продам берёзовые веники для бани
Веники из эвкалипта обычного и серебристого длиннолиста для бани
Веники из кавказского дуба с эвкалиптом, черноклёном, липой, травами в инд. упа
Финские и Инфракрасные сауны из Алтайского кедра
Мочалка хозяйственная полипропиленовая, ручной работы арт. № 1
Овальные купели с пластиковой вставкой, внешняя обшивка дуб, лиственница
Sm soapland косметическое мыло с экстрактом персика д/всех типов кожи 100г*3шт
"Продаём веник для бани ""Черноклён"""
Скребки для лица и тела после парной
Фитобочки сауны, всё для дома и бизнеса
Купели для бани из дерева любой формы
Крымская Морская соль для ванн и бальнеологии. Морская пищевая соль мелкий и кру
Веник березовый для бани и сауны. Лучшего качества
Запарки для бани 30 гр/1шт., (можжевельник, пихта, эвкалипт, полынь, душица, дон
Веники дубовые и березовые оптом и в розницу.
Купели, кедровые бочки, сауны из кедра, офуро и фурако
Кедровая бочка улучшит здоровье и укрепит иммунитет!
Дубовый банный веник оптом в Санкт-Петербурге
Кисти лыковые из натурального лыка
Набор запарок для бани сумочке по 30гр./5шт.
Веники для бани :дубовые, березовые
Чан чугунный для купания на специальных условиях. Успейте купить!
Натуральная пемза от производителя
Веники для бани дуб, береза, липа.
Производим и продаём фитоковрик для бань и саун
Запарники, шайки для бани из липы
Куплю дубовые веники 2020 (оптом)
Дубовые веники для бани 2020 года!
Продам Березовые веники для бани 2020
Веники дубовые, дубовые с травами, эвкалиптовые
Продаём запарки для бани Эвкалипт
Купель для бани от производителя
Мебель для бани из лиственных пород
Предлагаем веники банные оптом, большой выбор, хорошие скидки для постоянных по
Термометр электронный для бани и сауны ТЭС-2
Веники для бани и сауны оптом собственного изготовления
Продаём веники из пихты кавказской
Веники березовые - качественные, по умеренным ценм, от производителя
Продаем веники Дубовые сезон 2019
Кедровый полок для бани, С класса
Поставки оборудования для саун в Новосибирске
Реализуем продажу баных веников и пиломатериала любых размеров
"Продаём веник для бани ""Кавказский дуб"""
Формы для хамамов из пенопласта
Продаём банные запарки (лекарственные травы в мешочках) оптом
Банный чан - горячая уличная купель. От завода изготовителя!
Плитка из гималайской соли для саун
Изготовление чугунных чанов для бань
Баки для бани из нержавейки на заказ
Банные веники (дуб, береза) Урожай 2019 года
Веники березовые, дубовые. Урожай 2019 года
Дубовые веники эвкалипт для бани
Веники для бани еловые и можжевеловые
Веник березовый для бань и саун
Веники для бани в ассортименте под заказ
Продам дубовые банные веники. Не дорого
Веники для бани, аксессуары, травы, масла, чай, запарки, банная утварь
Угловая инфракрасная сауна из натурального алтайского кедра.
Медные тазы и ковши для бани. Медь хорошо влияет на здоровье человека.
Банные веники опт, розница, купить банные аксессуары наложенным платежом
Веники для бани круглый год: березовые, эвкалиптовые, а также смешанные с травам
Интернет - магазин по продаже печей и аксессуаров для сауны SAWO Finland
Лучший камень в баню Жадеит со склада
Душистые веники 2019 года, бесплатная доставка
Купель из полипропилена угловая 1200х1200
Продаю банные веники 2019 года
Одноразовая косметика и тапочки для отелей и гостиниц
Продаем посуду и банные изделия из кедра
Тазы эмалированные и оцинкованные
Аксессуары и мебель для бань и саун
Мебель для бани и сауны оптом на выгодных условиях
Веники банные дубовые оптом от 500 шт.
Бондарка для бани в ассортименте
Продаем камни и шары для бани.
Термочехол для купели, термочехол на купель, крышка на бочку
Банный чан-купель, от производителя.
Всё для бани и сауны в Краснодаре и крае. Большой выбор товаров и оборудования!
Веники березовые банные оптом из Удмуртии
Мебель и аксессуары для бани и сауны !
Ведро обливное из нержавейки стали
Продаем запарки для бани и сауны
Чугунный молодильный чан для бани
Банный веник ( берёза, дуб, липа)
Банные принадлежности, мебель для дома
Банные веники. Доставка по городу
Веники для бани оптом, дуб, берёза, эвкалипт.
Уличная купель с встроенной водогрейной печью
Дубовые веники (банные) продам оптом хорошего качества
Производство купелей и кабин из лиственницы
Веники для бани и сауны. Береза, дуб, можжевеловые.
Предлогаем оптом банный веник 2013 года из простого дуба
Предлагаем парогенератор для саун Sawo STN-75-C1/3-X в Новосибирске.
Веники для бани и травы для веников
Производство банных аксессуаров и изделий из липы
Веники для бани
Японская баня Офуро (Фурако) из алтайского кедра диаметр 1500 мм
Банные и Березовые веники дубовые пихтовые в Томске
Изделия из соли для бани, сауны, ванной, бассейна и строительства соляных пещер.
Чан чугунный для бани - это целый комплекс процедур
Банные аксессуары из меди ручной работы
Интернет-магазин банных веников Фермер 8
Овальная купель из лиственницы длина 1060 мм, ширина 590 мм, высота 1000 мм
Поставляем камень жадеит для бань и саун
Лекарственные травы и дубовые веники
Печи баки в баню в Екатеринбурге
Веник березовый для бани очень ароматный и зеленый
Веники березовые, сосновая шишка
Парогенератор проточный для бани, сауны, хамама «STEAMTEC» TOLO-30 PS - 3 кВт
Веники для бани от производителя на Кубани
Банные веники от производителя на Кубани
Веник бане голова
Еловый веник для бани, массаж в парной
Котел в баню срочно продам
Двухместная угловая инфракрасная сауна из кедра с керамическими излучателями
Чугунный чан в наличии и под заказ
"Мочалка банно-массажная ""Виктория"" - антицеллюлитная"
Веник бане голова
Купели, душевые кабины, ванны из сибирской лиственницы
Камень для бани и сауны- талькохлорит галтованный
Финская сауна одноместная угловая с электрической печью HARVIA
Чугунный чан - литье и в наличии
Предлагаем оптом банный веник из красного и простого дуба в количестве 10000 шт
Банные веники для вашего здоровья.
Купель Фурако из сибирского кедра
Банные принадлежности
Парогенератор накопительный «STEAMTEC» TOLO PGN-20 для кедровой фитобочки
Отольем чугунные чаны, чугунный чан
Духовка для кирпичной печки новая
Предлагаем оптом банный веник изпростого дуба по 40 рублей.
Дубовые веники (банные) продам хорошего качества
Продаю веники березовые для саун и бани
Кедровая фитобочка круглая «Классическая»
Чан-баня. Карпатский чугунный чан
Полок для бани из осины изготовление продажа
Продам таз латунный в наличии 6 штук
Баки для бани и емкости для воды из нержавеющей стали
Банные Веники и травы в ассортименте
Кедровая фитобочка овальная «Классическая» со скосом
Пихтовые веники, пихтовое масло
Банные веники по привлекательной цене
Купель для бани и сауны. Новая
Отольем чугунный чан, шлаковозные чаши, изложницы
Веник для бани из полыни оптом
Мини-сауна «Sauna by Siberia» купить
Веники дубовые и березовые для здоровья
Веники для бани оптовая продажа
Товары для бани и саун от производителя!
Веники берёзовые банные, мелкий опт
Мебель для бани и сауны из липы!
Уральские камни для бань и саун
Интернет-магазин осуществляющих on-line продажу товаров для саун и бань в Красно
Веники для бани от производителя на Кубани
Продаю Березовые и Дубовые веники для бани.
Купель для бани, сауны и улицы (пластиковая) Новая
Бондарная кружка 1 литр для баньки
Купель чугунная для бани-это молодильный чан
Банные веники оптом и в розницу
Продаю мочалки, не дорого. Приму заказ
Берёзовые веники для бань - саун .
На постоянной основе закупаю веник банный
Продам березовые и дубовые веники.
Нефрит для бани и сауны зеленый
Веники дубовые опт и розница Краснодар и Адыгея
Купание в чанах, чан чугунный, скидки на чаны, купить чан
Веники для бани, купить банные веники в Брянске
Бак для бани из нержавеющей стали в Ростове-на-Дону
Веники для бани и сауны оптом. Ульяновская область, Николаевский район
Полипропиленовые мочалки оптом от производителя
Чугунный чан в баню под ключ, в наличии
Инфракрасная сауна Тепло Крыма
Березовые веники, чага, кора, береста, травы Карелии, кело.
Веники для бани березовые приму заказ.
Пемза электрическая Pullman PL-1038
Полок для бани из липы. Сорт А. Размер26 / 90 / 1000–1700
Дозатор наливной для жидкого мыла Skincare DS 1000
Дозатор пластиковый для бутылей Skincare DS 2000
"Мочалка массажная ""Бантик"" в наличии 50000 штук, средней жесткости"
Предлогаем оптом банный веник из красного дуба в колличестве 7000 шт по 70 руб.
Веники банные от производителя
Ведро деревянное 10 литров (дуб)
Продам веники (берёза и дуб) дешёво
Молодильный чан для бани, для сауны. отдых в чане
Товары для бани и натуральная косметика
Дубовые веники (банные) продам оптом
Этажерка двухярусная из хвоии другие товары
Жбан с краником 3, 5, 10 литров (дуб)
Мебель и акссесуары для бань и саун
Пиратский сундук большой и малый
Японская мочалка-полотенце для тела, Код: 90156 , 1 шт.
Чан чугунный для купания купить
"Мыльница ""Рыба"" с доставкой по Москва и РФ."
Запарник для бани 11, 25 литров (дуб)
Шапки для бани и сауны.Опт и розница
Запарник большой без крышки 20 л.
Предлогаем дубовые веники для бани по 60 рублей. 20000 шт. также веники из липы
"""Карпатский чугунный чан"" - эксклюзив который, раньше могли иметь только избран"
Банный чан - это разновидность бани.
Стойка БАР большая дуб 1300*700
Веники для бани оптоми в розницу
Мыльница, в упаковке 20шт.,современный дизайн
Обливное устройство - будь бодрячком!
Продаю банные веники из красного дуба. Цена 50 руб. шт.
В продаже чан-баня! Звоните! Ставьте и парьтесь
Шайка для бани 20 литров дубовая
Звоните. Продается чан-баня. Для веселой компании 6-8 человек
Предлогаем оптом банный веники и травы недорого
Купель пластиковая 1.7 х 1.0 м
Молодильный чугунный чан для купания над костром
Продам веники для бань и саун отличного качества
Купели дубовые для бани и сауны
Березовые веники ароматные для баньки
Предлогаем оптом банный веник из простого (50 руб) и красного 70 (руб) дуба в ко
Интернет-магазин купелей и кедровых бочек FitoWood СПб
Дубовый веник класса люкс для бани
Продам веники для бани дубовые и березовые
Продам мочало чесанное и лыковые изделия
Продаём оптом веник берёзовый банный урожая 2016г.
Банные чаны от производителя! В наличии и под заказ!
Губки и мочалки банные оптом от производителя
Одноразовые тапочки для сауны, бани
Продам качественные березовые веники
Энергоэффективные сауны под ключ
Набор для бани ,Килт махровый для бани мужской
Банные веники - дуб, эвкалипт оптом - от производителя
Шапки для бани от производителя
Банные веники, липовые мочалки
Вернет силы и бодрость Молодильный чугунный чан
Запарник Емеля 17л., лиственица
Аксессуары для бани и бондарные изделия
Банные березовые веники отменного качества
Полка банная бабочка из дерева осины
Продажа больших уральских березовых веников. Краснодар
Продам веники для бани на любой вкус!
Продам Полок Алтай для мобильной бани
Банные березовые и дубовые веники для бани
"""Закарпатский чугунный чан""для бани"
Болка банныя из дерева осины 3х ярусная
Валяный банный набор из шерсти валяние
Срочно продаю берёзовые веники в п.г.т Ильский недорого
Березовые веники. Погрузка - выгрузка бесплатная
Продам веники березовые,дубовые
Чан чугунный для купания, купель чугунная для бани
Банный чан БЧ 6-3 для парения над костром
Продам веники березовые качественные
Продаю березовые веники для бани купить оптом
Березовые веники от производителя
Банные веники с Родины «Бабушек из Бураново».
Веник из кавказского дуба экстра
Предлогаем оптом веники из красного дуба в количестве 7500 шт. по 75 руб.
Компания СаунаВлад во Владимире и Владимирской области
Лапти кукурузные и берестяные для дома и бани
Баки для бани и сауны в Самаре
Для Вашего здоровья, мы делаем чугунные чаны для бань.
Резные панно из кедра для бани и сауны
Веники для бани в ассортименте
Шапки для бани войлочные в ассортименте
Термометры для бани, сауны и бассейна, песочные часы
Коврик плетеный из кукурузы для бани и сауны
Мочалка из бересты для ванны и бани
Набор махровый для сауны и бани
Рукавицы (перчатки, варежки) банные войлочные
Продаю веники для саун и бани.
Шапки для бани войлочные панамы, буденовки, треуголки, кубанки
Шайки для бани (ушата, лохани) из дуба
Обливные устройства, ведра (обливник, водопад) из дуба
Запарники для бани с крышкой из дуба
Рукомойник деревянный из кедра
Трапики для бани и сауны из кедра
Деревянные коврики из кедра для бани и сауны из кедра
Ведра для бани из древесины кедра
Шайки для бани (ушата, лохани) из кедра
Запарники для бани с крышкой из кедра
Поставка березовых веников цена договорная
Молодильный чанчугунный чан
Продаю веники для сауны, бани березовые
Домашняя складная инфракрасная сауна
Молодильный чугунный чан для купания над костром.
Таблички из кедра для бани и сауны
Рукавица (кессе) для пилинга. Опт, розница
Натуральная мочалка Банная Длинная вязанная. Опт, розница
Веники в бумажной упаковке для бани оптом
Срочная продажа оптом веников для бани
Товоры для сауны. Коврик для сауны
Табуреты банные из древесины кедра
Банные веники и одноразовые тапочки
Банные сувенирные наборы. (4 вида). Опт, розница
Банные дубовые веники отличного качества
Банная шапка в подарок мужчинам на 23 февраля
Тапочки для сауны.
Шапка ушанка с красной звездой для бани и сауны
Положок (прополисный холстик) (Алтайский букет)
Подарки на 23 февраля , сделайте подарок своим мужчинам
Продам мочалки полипропиленновые
Аксессуары для бани и сауны - Святобор
Банные и массажные мочалки от производителя, оптом
Продажа дров, веников, камней для саун, абажуров
Простыня банная, натуральная бязь
Всё для бани! Веники в наличии и под заказ оптом в Петрозаводске
Скидки! Продам веник(и) банный дубовый. Изготавливался на юге Башкирии из черног
Шерстяной банный набор из шерсти валяные банные наборы
Веники банные с доставкой по россии
Качественны дубовые веники! По низким ценам в в розницу и оптом
Комплект из войлочных изделий для бани в сумке
Продам нефрит для бани и сауны
Веники березовые новый урожай 2014 г.
Веники для бани (в наличии и под заказ)
Внимание! Свежие веники 2014 года!
Куплю дубовый веник от 500 штук цена 35 рублей
Коврики банные войлочные для саун и хамамов
Отличные банные веники для Вашего отдыха
Камень для бани (яшма галтованная) от производителя
Продаю банные принадлежности. Большой выбор.
Ательесаун интернет-магазин, купели для бани в Санкт-Петербурге
Полок для бани (абаш) от Компания sauna22
Ковши для бани из дуба 0,5 и 1 литр
Предлагаю Вашему вниманию мочалки ручной работы
Делаю на заказ банные веники, быстро и не дорого
Мочалки и губки оптом от производителя
Мочалки, уход за телом, гигиена.
Баня лучше чем у соседа в Барнауле
Продам качественные веники для бани
Ведро дубовое для бани 10 литров
Продам веники для бани и сауны
"Шляпа эконом НП ""Пар любить-баню топить!"""
Табличка-вешалка «Банька» ООО Кедровая ветвь
"Шляпа Бандана ""Хочу замуж"" ООО Кедровая ветвь"
"Шляпа ""Ушанка"" ""Банный перец"" ООО Кедровая ветвь"
Черпаки для бани из древесины дуба
"Ушанка ""Начальник"" 2 ООО Кедровая ветвь"
"Шляпа ""Панама"" ""С легким паром"" ООО Кедровая ветвь"
"Шляпа НП ""Эконом-модель"" серая"
"Шапка Шлем ""Илья Муромец"" ООО Кедровая ветвь"
"Шляпа ""Наполеон"" подарочный ООО Кедровая ветвь"
Умывальник деревянный из кедра
Банные веники(по России и за границей)
Банные веники для отличного отдыха
Березовые и липовые веники для бани и сауны,
"Товары для бани и сауны оптом Компания ""Обси Индастри"""
"Шляпа ""Ушанка"" НП ООО Кедровая ветвь"
Продам Банные Веники дешево (береза, дуб)
Обливные устройства, ведра (обливник, водопад) из кедра, с пластиковой вставкой
Продам березовые веники
Продам экологически чистые березовые веники.
Приму заказы на банные веники цена договорная
"Шляпа ""Банщик"" белая ""Раки, пиво"""
Веники для бани
Ковшик для каменки с выжиганием
Продам Банные Веники
Банные веники всего за 20 рублей
Принадлежности для бани и сауны оптом и в розницу в москве.
"Шляпа ""Банщик"" белая ""Русская банька"""
Веники дубовые
Чаны с крышками под холодную воду из кедра
Все для бани
Продам банный веник
Продам веники для бани
"Шляпа НП ""Эконом-модель"" белая"
Товары и материалы для бани и сауны
Обливные устройства, ведра (обливник, водопад) из кедра
Березовые веники
Веники для бани оптом
Веники для бани оптом
"Шляпа эконом НП ""Баня без пара, что щи без навара!"""
Продаю веники березовые оптом
Ковши для бани из древесины кедра
Банные веники
Продам веники дубовые
Продаю банные веники оптом
"Шляпа эконом НП ""Баня парит-силу дарит!"""
Банные веники дуб, береза с травами, 500 шт. сбор 2010
Веники(береза, дуб) оптом. Доставка.
"Шляпа эконом НП ""В бане веник дороже денег!"""
"Шляпа эконом НП ""В бане все равны!"""
"Шляпа эконом НП ""В бане мыться-заново родиться!"""
"Шляпа эконом НП ""Пар да вода-хвори беда!"""
"Шляпа ""Кокетка"" зеленая подарочная"
"Шляпа ""Бандана"" ""Горячая штучка"""
Камень жадеит колотый для бани
Камни для бани от производителя Тул-Ава
Веники для бани и сауны дубовые 2021
Банная мебель и аксессуары от производителя Кировской области
Веники пихтовые с мягкой хвоей
Магазин фазенда для любителей меда и бани
Веник дубовый Дентата Зубчатый дуб нет аналога по России
Веники березовые для бани 2021 г
Веники банные. Берёзовые и Дубовые. Оптом.
Антицеллюлитные и массажные щетки для бани
Набор запарок для бани в сумочке по 30 гр./3 шт.
Плитка из гималайской соли Рустик
Веники для бани в Санкт-Петербурге
Натуральные банные мочалки из липового мочала лыка
Чан чугунный для бани изготовим
Банные чаны над костром для парения. Доставка по России.
Нефрит для бани в Новосибирске
Веники дубовые в Санкт-Петербурге
Щетки банные ( для тела) от производителя
Продам банные веники
Камень жадеит колотый для бани
Камни для бани от производителя Тул-Ава
Веники для бани и сауны дубовые 2021
Банная мебель и аксессуары от производителя Кировской области
Веники пихтовые с мягкой хвоей
Магазин фазенда для любителей меда и бани
Веник дубовый Дентата Зубчатый дуб нет аналога по России
Веники березовые для бани 2021 г
Веники банные. Берёзовые и Дубовые. Оптом.
Антицеллюлитные и массажные щетки для бани
Набор запарок для бани в сумочке по 30 гр./3 шт.
Плитка из гималайской соли Рустик
Веники для бани в Санкт-Петербурге
Натуральные банные мочалки из липового мочала лыка
Чан чугунный для бани изготовим
Банные чаны над костром для парения. Доставка по России.
Нефрит для бани в Новосибирске
Веники дубовые в Санкт-Петербурге
Щетки банные ( для тела) от производителя
Продам банные веники
Камень жадеит колотый для бани
Камни для бани от производителя Тул-Ава
Веники для бани и сауны дубовые 2021
Банная мебель и аксессуары от производителя Кировской области
Веники пихтовые с мягкой хвоей
Магазин фазенда для любителей меда и бани
Веник дубовый Дентата Зубчатый дуб нет аналога по России
Веники березовые для бани 2021 г
Веники банные. Берёзовые и Дубовые. Оптом.
Антицеллюлитные и массажные щетки для бани
Набор запарок для бани в сумочке по 30 гр./3 шт.
Плитка из гималайской соли Рустик
Веники для бани в Санкт-Петербурге
Натуральные банные мочалки из липового мочала лыка
Чан чугунный для бани изготовим
Банные чаны над костром для парения. Доставка по России.
Нефрит для бани в Новосибирске
Веники дубовые в Санкт-Петербурге
Щетки банные ( для тела) от производителя
Продам банные веники
Камень жадеит колотый для бани
Камни для бани от производителя Тул-Ава
Веники для бани и сауны дубовые 2021
Банная мебель и аксессуары от производителя Кировской области
Веники пихтовые с мягкой хвоей
Магазин фазенда для любителей меда и бани
Веник дубовый Дентата Зубчатый дуб нет аналога по России
Веники березовые для бани 2021 г
Веники банные. Берёзовые и Дубовые. Оптом.
Антицеллюлитные и массажные щетки для бани
Набор запарок для бани в сумочке по 30 гр./3 шт.
Плитка из гималайской соли Рустик
Веники для бани в Санкт-Петербурге
Натуральные банные мочалки из липового мочала лыка
Чан чугунный для бани изготовим
Банные чаны над костром для парения. Доставка по России.
Нефрит для бани в Новосибирске
Веники дубовые в Санкт-Петербурге
Щетки банные ( для тела) от производителя
Продам банные веники
Камень жадеит колотый для бани
Камни для бани от производителя Тул-Ава
Веники для бани и сауны дубовые 2021
Банная мебель и аксессуары от производителя Кировской области
Веники пихтовые с мягкой хвоей
Магазин фазенда для любителей меда и бани
Веник дубовый Дентата Зубчатый дуб нет аналога по России
Веники березовые для бани 2021 г
Веники банные. Берёзовые и Дубовые. Оптом.
Антицеллюлитные и массажные щетки для бани
Набор запарок для бани в сумочке по 30 гр./3 шт.
Плитка из гималайской соли Рустик
Веники для бани в Санкт-Петербурге
Натуральные банные мочалки из липового мочала лыка
Чан чугунный для бани изготовим
Банные чаны над костром для парения. Доставка по России.
Нефрит для бани в Новосибирске
Веники дубовые в Санкт-Петербурге
Щетки банные ( для тела) от производителя
Продам банные веники
Камень жадеит колотый для бани
Камни для бани от производителя Тул-Ава
Веники для бани и сауны дубовые 2021
Банная мебель и аксессуары от производителя Кировской области
Веники пихтовые с мягкой хвоей
Магазин фазенда для любителей меда и бани
Веник дубовый Дентата Зубчатый дуб нет аналога по России
Веники березовые для бани 2021 г
Веники банные. Берёзовые и Дубовые. Оптом.
Антицеллюлитные и массажные щетки для бани
Набор запарок для бани в сумочке по 30 гр./3 шт.
Плитка из гималайской соли Рустик
Веники для бани в Санкт-Петербурге
Натуральные банные мочалки из липового мочала лыка
Чан чугунный для бани изготовим
Банные чаны над костром для парения. Доставка по России.
Нефрит для бани в Новосибирске
Веники дубовые в Санкт-Петербурге
Щетки банные ( для тела) от производителя
Продам банные веники
