Постельное бельё: пододеяльник, простыня, наволочка
Ситец гладкокрашеный 90 см плотность 80 гр
Плед флисовый 1,5 спальный. Домашний текстиль
Текстиль оптом для гостиниц, пансионов, санаториев
Постельное белье по низким ценам
Постельное белье в Томске. Полутораспальный комплект. Сатин
Комплект постельного белья эконом-класса
Комплекты постельного белья из ивановской бязи
Постельное белье. Домашний текстиль
Постельное б. у белье-чистое-студенты-квартиранты-общежития
Текстильная продукция по оптовым ценам
Постельное белье четыре наволочки. Сатин хлопок. Размер евро. Купить в Томске
Вафельные полотенца готовые, нарезанные
Производство домашнего текстиля
Наволочка подушечная, простынь и многое другое!
Постельный текстиль, банкетный текстиль, чехлы
Полотенца, постельное для дома
Текстиль для дома от производителя
Постельное белье. Комплект семейный. Два пододеяльника. Сатин
Производство домашнего текстиля
Флисовые пледы, полотенца оптом
Постельное белье недорого из Иваново
Продажа оптом высококачественного постельного белья
Продаем крупным и мелким оптом высококачественное – постельное белье
Покрывало Tango Коллекция Avanti
Комплекты постельного белья в детскую кроватку
Водонепроницаемые наматрасники!
Подарочный спальный комплект декорированный шелком и кружевом (11ед.)
Оптовая продажа бязи по привлекательным ценам
"Белье из ситца и бязи; подушки синтепон, холофайбер, пух-перо; одеяла синтепон"
Покрывало на кровать в спальню. Biyella. Жаккард.
Ивановский текстиль от производителя
Комплект постельного белья из сатина
Постельные принадлежности оптом в общежития, матрас ватный купить недорого
Постельное белье и спецодежда по цене производителя
Поставка постельных принадлежностей из натуральных и синтетических материалов
"Плед Tango Stripe (Полоса) Фактура ""Фланель"""
Постельное белье для общежитий и гостиниц
"КПБ ТМ из поплина ""Искушение"" Афина (светится в темноте)"
Комплекты постельного белья с простыней на резинке!
Постельное белье оптом от производителя
Постельные принадлежности по низким ценам
Покрывало Tango жаккардовое на кровать в спальню.
Постельное бельё одежда для дома и сна
Постельное белье, махровые изделия, подушки, одеяла, наборы для гостиниц, больни
Простыни на резинке оптом и в розницу!
Простыни однор. рулон с перфор. белая, 80*200см № 100 (SMS 15г/кв.м.)
Постельные принадлежности для комплектации спальных мест в санаториях, пансионат
Постельное бельё Tango без рисунка.
Простыни,наволочки,полотенца б/у (стираные) Куплю
Постельное белье, пледы, покрывало
Продажа комплектов постельного белья и других текстильных изделий
Комплект постельного белья сатин
"Белье из бязи и ситца; подушки синтепон, холофайбер и перьевые; одеяла синтепон,"
Светлая шиншила. Большое меховое покрывало.
Плед меховой. Бежевый. 220х240.
Постельный комплект. Хлопок-сатин. Евро, 2-сп и Дуэт.
Постельное бельё оптом от Текстильного склада!
Шёлковое постельное белье LuxeDream Blumarine El Lite
Недорогие качественные комплекты постельного односпального белья
Простынь покрывало из бамбука 100%.
Ивановский Текстиль от производителя!
Комплекты постельного белья. Хлопок. Болгария.
Наволочка на подушку 70*70 см. из бязи
"Постельное белье из сатина ""Искушение"" Арт. 47"
КПБ бязь, перкаль, поплин, сатин
Постельное белье Мако-сатин. Премиум уровень.
Постельное бельё. В наличии и на заказ. От ясельного до семейного.
Постельное белье Леопарды. Люкс сатин. Евро. 3200 руб.
Купить постельное Белье Владивосток
Постельное белье по Вашим параметрам.
Комплекты постельного белья из бязи
Покрывало Tango Nature Collection
Производство и оптовая продажа постельного белья
Наволочка на подушку размером 70х70 см из качественной бязи
Постельное белье от производителя города Иваново
Мужское постельное белье для мужчин
"Наматрасник ""Здоровый сон"" в подарок по акции"
Постельное белье Tango. Сатин. Полутораспальное. Томск
Новинки постельного белья из сатина Tango
Постельное белье в Томске. КПБ семейный. Сатин
Постельное бельё Танго. Сатин для мужчин
Постельный текстиль от производителя
Постельное белье жатка в Томске. Купить просто и выгодно
Простыни-чехлы махровые,двустороние на кушетки
КПБ оптовая продажа от производителя Иваново
Гостиничный текстиль от швейной фабрики Надитекс
"Комплект Постельного Белья ""Искушение"" , сатин"
Комплект постельного белья Танго. Фланель. Купить в Томске
Поступление новинок. Плед на кровать, плед на диван.
Велюровое покрывало на кровать. Домашний текстиль Танго в Томске.
Постельное белье жаккард в Томске. Евро размер на вашу постельку
Постельное белье люкс. Мако - сатин. Tango. Купить в Томске
Бязь набивная, Постельное белье, Текстиль
Простыни в рулоне от производителя
Качественное постельное белье от производителя
Купить домашний текстиль в интернет-магазине постельного белья Серен Хоум.
ГОСТ рекомендует! самые лучшие товары со складов России
Большое покрывало, окрас Зебра искусственный мех.
Текстиль отличного качества по приятным ценам
Продажа комплектов постельного белья оптом
Пледы из хлопка. Турция. Новые.
Постельное бельё сатин из Турции
Постельные принадлежности и подушки
Покрывало на кровать. Шиншила. Полутораспальное.
Постельное белье из сатина от производителя недорого.
Постельное белье для Вашего дома
Ивановский текстиль по низким ценам оптом и в розницу!
Постельное белье и текстиль для всей семьи от фабрики Надитекс
Домашний текстиль известных торговых марок
Стёганное покрывало сатин. Коллекция Пано.
Текстиль для оптовиков и мебель для гостиниц от производителя!
Комплект постельного белья Прованс. 100% хлопок. Евро. 3200 руб.
Однотонное постельное белье из сатина
Плед cozy home Supersoft 200x220 белый
Приятные комплекты постельного белья
Белое жаккардовое постельное белье Tango.
Постельное белье в розницу с бесплатной доставкой!
Постельные комплекты. 100% хлопок. Болгария.
Шёлковая наволочка для улучшения состояния кожи лица
Элитный постельный гарнитур наволочки и покрывало
Пошив комплектов постельного белья
Покрывало. Коллекция Moroccan tale.
Постельное бельё европейского качества (Low price)
Комплект постельного белья. 100% хлопок. Турция. 3300 руб.
Постельное бельё из фланели Миражи
Продаётся постельное белье в Екатеринбурге
Комплект постельного белья из бязи
Сатиновое постельное белье по специальной низкой цене.
Постельное белье и одеяло за 1 рубль
Простынь с гос. хранения, новая
"Простыни "" Минздрав"" с хранения"
Утяжеленное одеяло для ваших деток
Наволочка Сатин СССР. Новая. На пуговицах.
Органза. Walls. Покрывало из органзы для спальни.
Постельное белье от производителя
Простынь сшивная цветная 1,2 с гос. резерва
Постельные принадлежности дешево!
Подушки ватные 60х60 с хранения
Наволочка Ситец СССР Новые С пуговицами
Покрывало Tango Sauvage Коллекция Соваж Размер: Евро
Постельное белье от производителя города Иваново
Постельное белье для гостиниц и общежитий
"Оптом простынь ""Минздрав"" новая"
Простыни 1,2 сшивные, цветные с госхранения
Простыня Лен СССР Новые 9 штук
Большое покрывало на кровать. Материал жаккард.
Пледы от производителя (г. Краснодар)
Постельное бельё тенсель StileTex Т-73
Продается наволочка 70х70 белая
Постельное бельё с доставкой по России
Пододеяльник СССР Двуспальные и Полуторный
Продаю простыни новые с госхранения
Постельное белье из сатина, хлопок 100%
Новинки. Большое покрывало 4 наволочки
Продается наволочка 60х60 белая
Интернет магазин постельного белья
Наволочки Ситец СССР Новые На пуговицах
Пододеяльник х/ б 1,5 спальный, белый
Текстиль для оптовиков и мебель для гостиниц от производителя! в Москве
Покрывало меховое с наволочками. Меховые узоры.
Комплекты постельного белья, подушки, одеяла, матрасы
Комплекты постельного белья от производителя
Евро комплект Постельного Prali
Простыня белая хлопчатобумажная, размер 214х150 см
Постельное белье (новое ) Бязь
Однотонное постельное белье Tango с кружевом.
Кпб от производителя и ткани набивные
Комплект постельного белья из сатина
Продажа постельного белья и текстиля для дома
Наволочка подушечная 60х60 см цветная
КПБ и текстиль от производителя!
Лама василёк. Полутораспальное меховое покрывало
"Чебоксарское постельное белье ""Хлопковый Край"""
"Постельное белье из ранфорса ""Волшебная ночь"""
Интернет-магазин постельного белья Гуру уюта
Текстиль для дома махровые простыни
Компания Tim-Tex - надежный производитель товаров из текстиля
Новинки. КПБ Твил, размер евро, 4 наволочки.
"Интернет магазин постельного белья ""Постель релакс"""
"Постельного белья их сатина ""Королевское искушение"""
Постельное белье с одеялом из нежного сатина
Постельное белье с брендом Versace
Интернет-магазин в розницу недорого | Бельё Моё
Красивый плед на кровать в спальню.
Постельное бельё из натуральных тканей
Интернет-магазин постельного белья и принадлежностей
КПБ Сатин-Страйп 1,5 спальный плотность 210 грамм
Плед Chic. Велсофт. Размер: 200x230. 1800 руб. Новые.
Постельное белье бязь недорого оптом из Иваново
Плед Tango Brooklyn термо теснение.
Постельное белье 1,5 спальные новое
Постельное белье из турецкого сатина
Продам оптом текстиль для дома
Продам желтое покрывало из полиэстера в Москве
"Комплект постельных принадлежностей ""Розы"""
Manhattan покрывало на кровать.
Комплекты постельного белья из льна
Распродажа постельного белья 2-спальное
1,5-спальное сатин постельное белье новое
Покрывало плотное, красивое, качественное!
"Интернет-магазин ""Мир красоты и уюта"""
Велюровое покрывало в спальню.
Плед Denver голубой - Postelli
Постельное белье из сатина ALANNA Fashion classic (семейный)
Постельное белье Евро в подарочной коробке сатин
Постельное белье из шёлк-сатина с вышивкой
Качественный текстиль от производителя
Комплект постельное белье Материал: Тенсел (эвкалипт)
Постельное белье новое, фабричный сатин
Наматрасник с наполнителем из натуральной овечьей шерсти
Постельное белье Евро сатин новое
Постельное белье из сатина LUNATEX (евро)
Комплект постельного белья 1,5 сп дешево
Страйп-сатин постельное белье премиум.
Комплекты. Покрывало и 2 наволочки. Хлопок. Новые.
Мягкий инвентарь и постельные принадлежности
Постельное белье Евро 100% хлопок
Постельное белье из сатина Lunatex (1,5 сп.)
Постельное белье для общежитий и гостиниц
Отличный подарок. Постельное белье Tango. Купить в Томске
Покрывало двухсторонее Екатеригбуг
Постельное белье 1,5-спальный , материал перкаль
Семейное постельное белье новое 100% хлопок
Постельное белье, одела,подушки,матрасы,полотенца
Постельное белье бязь недорого
Продаем любой товар в больших объемах на маркетплейсах
Шарпей. Покрывало на кровать в спальню.
Постельное бельё сатин софт,по ценам производителя
Постельное белье 2-х спальный с Европростыней
100% хлопок! 1,5-спальное постельное белье новое
Пошив постельного белья, штор по вашим меркам
Постельное белье Tango технология FirstWashCotton.
Продам скатерти суконные и сукно, нетканные материалы, ватин, мешковину, брезент
Постельное белье комплект 2-х спальный евро
Продам плюшевый плед многоцветный
Двуспальное постельное белье однотонное новое (много расцветок)
Постельное белье, изделия для дома и бани
Постельное белье от производителя по низким ценам
Вуаль с детскими рисунками и фактурная
Постельное белье 2-х спальный комплект
Продам плюшевый плед комплектом
Подушка лебяжий пух 50*70 или 70*70
Постельное белье бязь недорого
Комплект постельного белья разных размеров
"Комплект Постельного Белья ""Искушение"" , сатин"
Комплект постельного белья 1,5 спальное
Продам плюшевый плед двухцветный
Постельное белье с бесплатной доставкой по Москве
Постельное белье бязь недорого
Комплекты постельного белья ( бязь 100% хлопок.)
Постельное бельё, покрывала, пледы, одеяла, халаты, полотенца - огромный выбор!
Продам постельное белье отличного качества!
Продам плюшевый плед большой двух цветов
Постельные принадлежности и спецодежда
Трикотажная простыня на резинке (наматрасник).
Детское постельное белье (поплин)
Постельное белье из сатин-жаккарда
Одноразовые цветные простыни в рулонах
Постельное белье оптом и в розницу
Интернет магазин постельного белья
Качественный Ивановский текстиль
Комплекты постельного белья (бязь, поплин) Иваново
Наволочки трикотажные от производства Ева, опт
"Постельное белье ""Снежная королева"""
Постельное белье бязь набивная, 125 гр
"Продается Постельное белье люкс ""Французский стиль"""
Постельное белье и домашний текстиль с бесплатной доставкой по России
Продаю одеяла и постельные принадлежности с хранения госрезерва
Постельное бельё от производителя г. Иваново
Текстиль (постельное белье, одеяла, подушки, полотенца, халаты и т. д.)
Подарите волшебный сон вашим близким!
Постельное бельё для Вас! интернет-магазин Секрет уюта в Челябинске
Пушистое постельное бельё из кристального вельвета
Брендовое постельное белье и домашний текстиль Blumarine, Etro, Kenzo
Постельное белье от производителя
Наволочки бязевые опт от производителя Ева, г. Иваново
2 х спальное постельное белье от производителя
Постельное белье на заказ Саратов
Ивановский текстиль от производителя
Детское постельное белье Гравити Фолз 100% хлопок
"Интернет-магазин постельного белья ""Облако грёз"""
Наволочки оптом от производителя Ева, г. Иваново
Большое одеяло для сна Tango Bamboo (бамбуковое).
Продам простыни и наволочки за минимальную цену
"Интернет-магазин постельного белья ""samara postal"" в г. Самара"
Постельное белье в наличии и на заказ
Постельное белье в розницу. Одеяла, подушки дешево
Постельное белье оптом от производителя
Комплект из пододеяльника и наволочек х/ б белого цвета
Снабжение текстилем отели и гостиницы
Постельное бельё от производителя
Покрывало Гобелен новое. Производство: Rue des Gobelins Paris.
Постельное белье для принцесс ( только 100% хлопок)
Мужское постельное белье ( стильное)
Интернет-магазин постельного и текстиля в Челябинске
Производим текстиль для гостиниц
Постельные принадлежности на заказ по индивидуальны размерам
Постельное белье купить. Комплекты постельного белья в ассортименте.
Постельное белье от производителя города Иваново
Постельное бельё и полотенца для гостиниц оптом
Постельное бельё оптом от производителя недорого!
Постельные принадлежности. ООО Ивтекс-Сервис
Текстиль для гостиниц фабричное качество, оптовые цены
Предлагаем постельное белье от интернет-магазина
Интернет-магазин постельного белья и домашнего текстиля
Постельное белье Cotton Dreams (Коттон Дримс) от производителя оптом и в розницу
Комплекты постельного белья 1,5 спальн. ткань бязь х/б.
Предлагаем оптом постельное белье.
"Постельное белье Челябинска ""Секрет уюта"""
Постельное белье для отеля из страйп сатина белого цвета
Роскошная коллекция постельного белья
Великолепное постельное бельё из Сатина
Постельное белье оптом Maison D'or Paris
Интернет-магазин постельного белья в Кирове и по всей России!
Постельное белье из чистого хлопка
Широкий ассортимент текстиля (постельное белье)
Текстиль для дома на любой вкус по доступным ценам
Простынь на резинке салатовая из сатина
Продажа постельного белья и трикотажных изделий
Продажа одноразовой продукции для гостиниц, саун, бассейнов
Комплекты МПО и НПП с доставкой
Постельное белье от производителя города Иваново
Комплект постельного белья из Бязи
Интернет-магазин постельного белья
Постельное белье для гостиниц.
Постельное белье из бязи, поплина, жаккарда, сатина, сатин-страйпа и др.
Пошив постельного белья.Состав ткани 100% хлопок!!
Постельное белье пледы пушистики
Ромашковое поле с жемчужной росой по кроям.
Постельное бельё оптом от производителя
Декоративные наволочки (подушки)
Постельное белье турецкий сатин
Продажа постельного белья из бязи
Грандиозная распродажа КПБ со склада от производителя
Постельное белье из г. Иваново
Домашний текстиль оптом и в розницу в Москве
Новое шикарное постельное белье
Постельное белье турецкий сатин
Постельное белье, полотенца, все для дома и уюта
Текстиль для дома – недорого в Санкт Петербурге
Пошив простыней из всех видов тканей
Постельное белье Tango. Твил. 4 наволочки.
"Онлайн Магазин Постельного Белья ""Северные сны"""
Постельное белье турецкий сатин
Постельное белье бязь 100 проценты хлопок
Интернет магазин постельного белья KrisNell
Наматрасник из клеенки для ухода за больными.
Покрывало в спальню на кровать
Интернет магазин постельного белья KrisNell
Постельное белье сатин «Carte Blanche» Сады Версаля
Постельное белье в Коми оптом и в розницу
Интернет магазин постельного белья KrisNell
Простынь сатиновая на резинке терракот
Постельное белье в Свердловской области
"Продажа постельного белья в интернет магазине ""Постелька"""
Комплект постельное белье Био Комфорт «Wenge» Ink
Постельное белье от европейских производителей
Интернет магазин постельного белья KrisNell
Постельное белье, текстиль, подушки, одеяла
Постельное белье перкаль, сатин, бязь, поплин оптом.
"""Domtex37"" - Постельное белье из Иваново от производителя."
Постельное белье Био Комфорт «Wenge» Stripe Lime
Плед хлопковый Гелиос 150х200 отлично подходит для подарка
Интернет магазин постельного белья KrisNell
Постельные комплекты в ассортименте.
Постельное белье, матрасы оптом.
Постельное белье оптом. Поставка напрямую с фабрик Китая
Постельное белье «WENGE» Dot Green
Постельные принадлежности и мягкий инвентарь от производителя.
Интернет магазин постельного белья KrisNell
Комплект постельного белья фланель шишки
Постельное белье из бязи, сатина, поплина, полиэстера.
Текстиль для гостиниц, санаториев, хостелов
Комплект постельного белья. Биоматин «UNISON 3D» Зодиак
Постельное белье Cotton Dreams, подушки и одеяла оптом и в розницу
Интернет магазин постельного белья KrisNell
Постельное бельё хорошего качества.
Постельное бельё, матрацы, подушки, одеяла от производителя.
Постельное белье для гостиниц: бязь, сатин, сатин-страйп, перкаль, тенцель
"Постельное белье «Dolce Vita Luxe» ""Латика"""
Постельные принадлежности от производителя
Интернет магазин постельного белья KrisNell
*Подушкин Рай* постельное белье.
Качественное постельное бельё от производителя.
Постельное белье от качественных производителей
Постельное белье из сатина Mency.
"Постельное белье ""Антре"" Сатин Унисон в кор"
Интернет магазин постельного белья
Изготовим любой текстиль на заказ
Постельное бельё от эконом до премиум класса.
Примем заказ на постельное белье, полотенце, покрывало, пледы, подушки
Одноразовые тапочки, простыни, полотенца
Постельное белье с доставкой по России
Плед крупной вязки из 100% шерсти мериноса
Производим текстиль для гостиниц
КПБ оптом от производителя
КПБ от производителя оптом .
Комплекты постельного белья. ОПТ и РОЗН
Комплекты постельного односпального белья.
Комплекты постельного белья, опт и розн
Текстиль для гостиниц на заказ
Продам постельное белье оптом и в розницу.
Постельное белье, матрасы и другой текстиль оптом.
Постельное бельё из бязи - Василиса
Качественное постельное белье .
Комплекты постельного белья в Нижнем Новгороде. Доставка бесплатная!
Домашний текстиль, постельное белье , покрывала .Подарки .
Изделия из льна от производителей
Ивановский текстиль в розницу по оптовым ценам
Двухспальное бязевое постельное белье дешево
Недорогое и качественное постельное белье ведущих российских производителей!
Простынь на резинке (бязь) от производителя.
Постельное белье от производителей.
Пошив и продажа постельного белья
Постельное белье на заказ из качественной ткани!
Постельное белье из бязи 2,0 сп
Постельное белье оптом от производителя в Иваново
Постельное белье и текстиль оптом недорого. От производителя.
Постельное белье для сладкого сна
Роскошное Постельное белье 3 D Иваново
Продам новое постельное бельё (сатин, хлопок)
Текстиль для дома от производителя
Постельное белье из Поли-сатина от производителя
Одеяло байковое клетка цветные
Комплекты постельного белья высочайшего качества по низким ценам
Матрац ППУ (пенополиуретан)-10 см
Льняная ткань, ткань лен, качество гарантирую
"КПБ ""Шуйские ситцы"" оптом напрямую со склада. От 900 руб/ комплект."
Текстиля для дома от производителя из Иваново по выгодным ценам оптом и в розниц
Модный текстиль для вашего дома
Стёганые покрывала 3D текстиль
Стёганые покрывала 3D - Распродажа
"Комплект постельного белья ""Серенада"""
Пододеяльники, простыни, наволочки бязь отбеленная, набивная ГОСТ/ТУ!
Продажа постельного белья а так же ночных сорочек из трикотажа
Продажа качественного постельного белья
Домашний текстиль по оптовым ценам.
Постельное белье оптом и в розницу.
Постельное белье, текстиль Hand Made(ручная работа)
Производим под заказ .Оптовая продажа
"Комплект постельного белья ""Рассвет"""
Постельное бельё, одеяла, покрывала
Пошив постельного белья из бязи
Комплекты постельного белья не дорого
Постельное белье от ведущих российских производителей
Постельное белье от производителя
Товары для сна от производителя ООО «Всё для сна».
Постельное белье. Производство Беларусь! Акция! Распродажа!
Купить текстиль в Москве и области
Продаем высококачественное постельное белье
Купить постельное белье Стерлитамак
Продам новое постельное белье (бязь) от 1190р
Постельное белье сатин бамбук
"Интернет-магазин постельного белья ""PRO Интерьер"""
Текстиль от производителя г. Иваново
Текстиль из Иваново в Ростове-на-Дону
Производство и продажа текстиля
Пошив постельного белья (Мерсеризованный сатин) на заказ по вашим размерам
Продам и изготовлю постельное бельё
Простыни, полотенца, наволочки, подушки и другой текстиль с хранения.
Постельное белье по низким ценам на любой вкус!
Постельное белье,одеяла,покрывала
Товары для сна от производителя.
Оптовая торговля постельным бельем, домашним текстилем.
"Интернет магазин постельного белья ""Сны Екатеринбурга"""
Постельное белье из Иваново по оптовым ценам.
Постельное бельё ручного шитья
Продаю постельное белье, широкий выбор и низкие цены!
Интернет-магазин Райский сон предлагает товары для дома высокого качества!
"Магазин постельного белья ""Сладких снов"""
Домашний текстиль от производителя( одеяла, подушки, матрасы, пледы , КПБ...)
Оптовая продажа текстиля с логотипом
Постельное белье Стерлитамак
Постельное бельё от производителя
Постельное белье, домашний текстиль, все для сна
Постельное белье бязь, поплин
Интернет-магазин постельного белья и постельных принадлежностей
Универсальный станок для вышивания
Постельное белье- от недорогого до элитного
Наборы постельного белья для общежитий
Лучший подарок на Новый Год от Отечественного производителя
Комплект постельного белья бязь vb 13
"Магазин постельного белья ""Сладкий сон"""
Ивановское постельное белье с доставкой
Продажа постельного белья и товаров для гостиниц
"Комплекты постельного белья, КПБ 1,5; 2; Евро; Семейный"
Банные и постельные принадлежности для гостиниц из Турции
Интернет-магазин постельного белья
Постельное белье современного дизайна и высочайшего качества
Постельные принадлежности и текстиль для дома по доступным ценам
Наборы постельного белья для общежитий.
Бязь, поплин, сатин, перкаль, ткань, кпб
Наволочка, простынь и пододеяльник
"Компания Vita-prof: ""Постельное белье ""Мелодия"""
Наперники на подушки 70х70 недорого омск
Постельное белье, пледы, покрывала и тд. Низкие цены. Доставка.
Комплекты трикотажного постельного белья
Новинки комплектов постельного белья
Текстиль для гостиниц от производителя
Продам постельное белье, белье для детей и подростков
Постельные принадлежности и домашний текстиль
Новый комплект постельного белья
Коллекции постельного белья из поплина
Постельное белье оптом 320 расцветок. Акция 5 пледов в подарок.
Предлагаем текстильную продукцию
Комплекты постельного белья с доставкой
"Постельное белье ""Caravella"" в ассортименте"
Плюшевые новые пледы, 10 разных штук
Перкаль. Постельное белье из перкаля
Готовый бизнес интернет-магазин постельного белья
Постельное белье оптом «Тако-текстиль»
Постельное бельё оптом и в розницу по привлекательным ценам
Постельное белье из поплина, сатина, бязи.
Постельное белье искусственный шелк оптом
Купить недорогое постельное белье в Москве
Новое поступление Постельного белья
Постельное белье оптом от производителя
Постельное белье от ведущих российских производителей.
Новое постельное белье для комфортного сна.
Комплект постельного белья из жаккарда (евро и дуэт)
Поплиновое постельное белье Поплин
Постельное бельё от производителя
Продажа постельного белья из Иваново
Постельное белье, одеяла, подушки
«ЭкономТекстиль» КПБ для рабочих 175 руб.!
Постельное бельё 100 хлопок. Ткань по метрам 150 ш
Постельное бельё от производителя
Купить однотонное постельное белье. Постельное белье от европейского производите
Постельное белье из сатина, высокого качества
Постельное белье и домашний текстиль отличного качества
«ЭкономТекстиль» КПБ Бязь1,5 сп.-510 руб.!
Недорого продаем новые текстильные изделия
Интернет-магазин домашнего текстиля
Постельное белье Коллекция Wenge Motion
Новые комплекты постельного белья
"""Ивановская ярмарка"" с 4 по 6 мая!"
«ЭкономТекстиль» КПБ СТРАЙП Сатин 1,5 сп.-1430 руб.!
Сатиновое постельное белье. Купить постельное белье сатин высшего качества.
Постельное белье текстиль КПБ рабочий
Постельное белье купить в интернет-магазине в Москве
"Текстильная продукция от компании ""Тако-Текстиль"""
Постельное белье для гостиниц страйп-сатин (жаккардовый сатин)
«ЭкономТекстиль»КПБ Сатин размер 1,5 сп.-1220 руб.!
Комплекты эконом с доставкой в любой район
Постельное белье оптом от производителя
Купить постельное белье в Москве
Покрывала по ценам производителя
Постельное бельё оптом от производителя из Иваново
«ЭкономТекстиль»КПБ Бязь ГОСТ размер 1,5 сп.-635 руб.!
Постельное белье для гостиниц страйп-сатин (жаккардовый сатин)
Ивановский текстиль Предлагаю постельное
Новое Постельное белье по низкой цене!
Комплект постельного белья от Impressionen
Пошив покрывал, чехлов, подушек. Рассрочка
Постельное белье оптом от 5 комплектов
Постельное белье от ведущих производителей
Продам качественное постельное бельё из Иваново
Постельное белье от производителя
Красивое и качественное постельное белье на любой вкус и кошелек!
Наматрасник аквастоп водонепроницаемый хлопковый
Купить постельное белье из сатина!
Купить красивое постельное белье. Москва
"Постельное белье оптом. Сатин. 100; хлопок"
Постельное белье 3D мако-сатин
Все постельное белье - Интернет магазин постельного белья из Иваново с доставкой
Сатин Однотонный и Сатин Набивной
Полезный подарок на 8 марта для прекрасных дам!
Постельное белье для гостиниц ЛЮКС сатин страйп отбеленный
"Модный домашний текстиль - постельное бельё торговой марки ""Василиса""!"
Постельное белье 3d из сатина. Доставка в день обращения!
Постельное белье,халаты,полотенца и многое другое
Постельное белье Волгоград «Унисон» биоматин 3D
Постельное белье на 23 февраля
Интернет магазин постельного белья
"Постельное бельё ""Багира"" сатин в подарочной коробке"
Комплекты постельного белья Бязь ГОСТ 140 1, 5 спал. для хостелов и общежитий
Постельное белье бязь «Василиса» и «Тинейджеры» - праздничные скидки
Постельное белье в Волгограде «Унисон» биоматин
Постельное белье от производителя! Недорого!
Постельное белье из сатина хорошего качества
"Пастельное бельё ""Молодёжка"" 1,5сп и махра ""Медведи"""
Продам постельное белье и пледы
Постельное белье «Любимый дом 3D»
Комплект постельного белья коллекции CottonClub
Шикарное, черное постельное белье от производителя в Казани
Постельное бельё, подушки и одеяла оптом в Иваново
Продажа оптом и в розницу постельное белье
Постельное белье, подушки, одеяла
Новинка! Постельное белье неон 1,5сп
Постельное белье коллекции «Любимый дом 3D»
Наматрасник .Все размеры! Бамбук! Овечий!
"Постельное бельё ""Шоколад"" бязь"
Постельное белье евро цены Питер
Постельное белье и текСтиль дома
Изысканное постельное бельё недорого
Постельное белье для дачи по экономичным ценам
Продам постельное белье из бязи
Постельное бельё,Покрывало, Пледы
Текстильные решения для Вашего бизнеса. Постельное белье, махровые изделия
